{"stats":{"minecraft:mined":{"minecraft:white_bed":4,"minecraft:andesite":1,"minecraft:dandelion":1,"minecraft:torch":1,"minecraft:grass":18,"minecraft:oak_log":8,"minecraft:grass_block":1,"minecraft:coal_ore":22,"minecraft:dirt":3,"minecraft:stone":30,"minecraft:oak_leaves":2},"minecraft:crafted":{"minecraft:oak_planks":28,"minecraft:cobblestone_slab":6,"minecraft:crafting_table":1,"minecraft:stick":12,"minecraft:wooden_pickaxe":1,"minecraft:stone_pickaxe":1,"minecraft:furnace":1,"minecraft:torch":28,"minecraft:stone_axe":1,"minecraft:cooked_mutton":2},"minecraft:killed":{"minecraft:sheep":5,"minecraft:pig":2,"minecraft:chicken":3,"minecraft:cow":7},"minecraft:used":{"minecraft:oak_log":1,"minecraft:stone_pickaxe":49,"minecraft:wooden_pickaxe":23,"minecraft:stone_axe":28,"minecraft:torch":2,"minecraft:mutton":1,"minecraft:dirt":2,"minecraft:cobblestone":6,"minecraft:crafting_table":1,"minecraft:furnace":1,"minecraft:oak_sapling":1,"minecraft:porkchop":1,"minecraft:white_bed":3,"minecraft:egg":1,"minecraft:dandelion":1},"minecraft:custom":{"minecraft:time_since_rest":5909,"minecraft:interact_with_furnace":4,"minecraft:sprint_one_cm":45467,"minecraft:damage_taken":90,"minecraft:walk_one_cm":83612,"minecraft:mob_kills":17,"minecraft:drop":6,"minecraft:damage_dealt":1471,"minecraft:interact_with_crafting_table":6,"minecraft:swim_one_cm":2998,"minecraft:fly_one_cm":30898,"minecraft:play_time":22333,"minecraft:sneak_time":126,"minecraft:walk_under_water_one_cm":1140,"minecraft:jump":249,"minecraft:time_since_death":22333,"minecraft:walk_on_water_one_cm":578,"minecraft:sleep_in_bed":2,"minecraft:total_world_time":22333,"minecraft:fall_one_cm":4886},"minecraft:picked_up":{"minecraft:stick":3,"minecraft:feather":4,"minecraft:chicken":3,"minecraft:andesite":1,"minecraft:leather":8,"minecraft:torch":1,"minecraft:dandelion":1,"minecraft:porkchop":3,"minecraft:oak_log":8,"minecraft:white_bed":4,"minecraft:dirt":4,"minecraft:wheat_seeds":1,"minecraft:beef":14,"minecraft:cobblestone_slab":6,"minecraft:oak_sapling":1,"minecraft:mutton":8,"minecraft:coal":22,"minecraft:white_wool":5,"minecraft:cobblestone":63,"minecraft:egg":1},"minecraft:dropped":{"minecraft:dirt":2,"minecraft:cobblestone_slab":12,"minecraft:andesite":1,"minecraft:cobblestone":34}},"DataVersion":3465}