{"stats":{"minecraft:mined":{"minecraft:acacia_leaves":3,"minecraft:white_bed":2,"minecraft:furnace":2,"minecraft:crafting_table":3,"minecraft:grass":6,"minecraft:acacia_log":18,"minecraft:coal_ore":5,"minecraft:grass_block":4,"minecraft:oak_log":19,"minecraft:dirt":7,"minecraft:tall_grass":9,"minecraft:stone":26,"minecraft:oak_leaves":11},"minecraft:crafted":{"minecraft:oak_planks":32,"minecraft:charcoal":5,"minecraft:cooked_porkchop":6,"minecraft:crafting_table":2,"minecraft:stick":12,"minecraft:wooden_pickaxe":1,"minecraft:stone_pickaxe":1,"minecraft:wooden_axe":1,"minecraft:stone_sword":1,"minecraft:furnace":1,"minecraft:white_bed":2,"minecraft:stone_axe":1,"minecraft:air":0,"minecraft:cooked_mutton":3},"minecraft:killed":{"naturalist:snail":1,"minecraft:sheep":7,"minecraft:pig":3},"minecraft:used":{"minecraft:cooked_mutton":2,"minecraft:wooden_axe":19,"minecraft:stone_sword":6,"minecraft:stone_pickaxe":24,"minecraft:wooden_pickaxe":10,"minecraft:stone_axe":38,"minecraft:crafting_table":3,"minecraft:furnace":2,"minecraft:cooked_porkchop":1,"minecraft:white_bed":3},"minecraft:custom":{"minecraft:time_since_rest":5909,"minecraft:interact_with_furnace":17,"minecraft:sprint_one_cm":65515,"minecraft:damage_taken":320,"minecraft:walk_one_cm":68253,"minecraft:mob_kills":11,"minecraft:drop":2,"minecraft:damage_dealt":880,"minecraft:swim_one_cm":13749,"minecraft:interact_with_crafting_table":5,"minecraft:fly_one_cm":72265,"minecraft:crouch_one_cm":190,"minecraft:play_time":27860,"minecraft:deaths":1,"minecraft:sneak_time":41,"minecraft:walk_under_water_one_cm":1690,"minecraft:jump":358,"minecraft:walk_on_water_one_cm":3032,"minecraft:leave_game":3,"minecraft:time_since_death":23573,"minecraft:sleep_in_bed":2,"minecraft:climb_one_cm":5,"minecraft:total_world_time":27860,"minecraft:fall_one_cm":8791},"minecraft:picked_up":{"minecraft:stick":3,"minecraft:crafting_table":2,"minecraft:acacia_log":18,"minecraft:porkchop":6,"minecraft:oak_log":19,"minecraft:white_bed":3,"minecraft:dirt":11,"naturalist:bass":1,"minecraft:slime_ball":1,"minecraft:wheat_seeds":2,"minecraft:oak_sapling":2,"minecraft:mutton":11,"minecraft:coal":5,"minecraft:white_wool":7,"minecraft:cobblestone":27,"minecraft:furnace":2},"minecraft:dropped":{"minecraft:cooked_mutton":1,"minecraft:white_bed":1}},"DataVersion":3465}