{
  "rpg_classes:root": {
    "criteria": {
      "always": "2024-05-18 02:51:52 +0000"
    },
    "done": true
  },
  "minecraft:recipes/decorations/crafting_table": {
    "criteria": {
      "unlock_right_away": "2024-05-18 02:51:52 +0000"
    },
    "done": true
  },
  "dungeons_arise:wda_root": {
    "criteria": {
      "WDA": "2024-05-18 02:51:52 +0000"
    },
    "done": true
  },
  "minecraft:adventure/adventuring_time": {
    "criteria": {
      "minecraft:plains": "2024-05-18 02:51:54 +0000"
    },
    "done": false
  },
  "DataVersion": 3465
}